,SL_mm,Count,Area_mm,Speckling_Density,AvgGrey,Pt1,Pt2,DIFF_Pt1_Pt2,DIFF_Stand,CV_DIFF,Type,id,Pond,Family,Sex,Sex_Num,AdjFD,AdjSD,AdjPS,AdjPG,Left.Plates,SL
1,41.9,4,8.489312,0.471180704,63.550413,146,144,2,0.031471078,3.147107793,F2,F2_P5_1,5,1,Male,2,1.644174493,2.333901983,2.944657433,5.270954632,4,41.9
2,42.11,0,9.379182,0,92.454124,133,158,25,0.270404379,27.04043791,F2,F2_P5_2,5,1,Female,1,0,2.578933348,3.84080529,5.398399907,3,42.11
3,37.63,23,6.759304,3.402717203,93.967802,119,154,35,0.372468008,37.24680077,F2,F2_P5_3,5,1,Male,2,0,2.193675489,3.099317202,5.419075233,4,37.63
4,38.96,23,7.999802,2.875071158,105.504099,179,182,3,0.028434914,2.843491417,F2,F2_P5_4,5,1,Female,1,0,2.37749002,2.368810205,4.911815838,3,38.96
5,46.39,31,10.953638,2.83010996,99.629622,156,176,20,0.20074351,20.07435098,F2,F2_P5_5,5,1,Male,2,1.434078284,2.262059988,0,0,4,46.39
6,38.05,41,8.410772,4.874701157,93.924276,167,133,34,0.361993741,36.19937406,F2,F2_P5_6,5,1,Male,2,0,2.450634169,2.609857866,4.890109375,2,38.05
7,48.63,6,11.94288,0.502391383,99.615503,170,190,20,0.200771962,20.07719622,F2,F2_P5_7,5,1,Male,2,1.637265781,2.669456848,2.253969523,3.868723544,3,48.63
8,41.54,62,8.796844,7.047982208,96.666386,168,160,8,0.082758861,8.275886098,F2,F2_P5_8,5,1,Male,2,1.515729744,2.390953059,3.504524752,5.109485495,4,41.54
9,42.33,23,8.22288,2.797073531,97.953327,168,179,11,0.112298381,11.22983806,F2,F2_P5_9,5,1,Male,2,0,2.171524373,3.037277724,5.035719696,4,42.33
10,35.1,6,5.545946,1.081871334,94.959874,185,158,27,0.284330622,28.43306216,F2,F2_P5_10,5,1,Female,1,2.011295763,2.74103299,2.942344728,4.613533349,4,35.1
11,43.39,18,9.344072,1.92635502,97.566582,168,184,16,0.163990576,16.39905762,F2,F2_P5_11,5,1,Male,2,1.949196643,2.709640328,3.960623271,5.211585543,4,43.39
12,40.04,9,7.827454,1.149799156,94.403889,163,184,21,0.222448463,22.24484629,F2,F2_P5_12,5,1,Female,1,1.55439558,2.066758644,3.415516303,5.144792681,6,40.04
13,39.54,9,6.510813,1.382315849,96.494847,174,182,8,0.082905982,8.29059815,F2,F2_P5_13,5,1,Male,2,2.127567572,2.365241877,3.067121564,4.793999853,2,39.54
14,41.26,12,6.638387,1.807668037,94.796469,143,151,8,0.084391329,8.439132896,F2,F2_P5_14,5,1,Male,2,1.807407822,2.23442126,0,0,4,41.26
15,28.96,0,3.991986,0,93.374072,186,170,16,0.171353778,17.1353778,F2,F2_P5_15,5,1,Female,1,0,2.292529321,2.832765284,5.003177909,4,28.96
16,32.55,3,4.312144,0.695709605,92.146882,186,165,21,0.227897022,22.78970221,F2,F2_P5_16,5,1,Male,2,0,2.247932873,2.104728614,4.859385587,4,32.55
17,28.43,0,1.296515,0,93.47402,180,156,24,0.256755834,25.67558344,F2,F2_P5_17,5,1,Female,1,2.135414399,2.901720611,2.558793801,4.456382152,3,28.43
18,26.51,0,2.897824,0,88.056007,180,199,19,0.215771764,21.57717644,F2,F2_P5_18,5,1,Female,1,0,2.44391677,2.931602684,4.746024372,3,26.51
19,29.19,6,4.019423,1.492751572,89.574759,180,183,3,0.033491578,3.349157769,F2,F2_P5_19,5,1,Female,1,0,2.029246351,3.150065089,5.479698088,2,29.19
20,26.51,2,3.332618,0.600128788,90.542925,188,196,8,0.088355882,8.835588203,F2,F2_P5_20,5,1,Female,1,0,2.736251312,3.280030872,5.08940598,4,26.51
21,25.36,0,2.040353,0,90.185659,184,150,34,0.377000073,37.70000727,F2,F2_P5_21,5,1,Male,2,1.233067068,2.414359586,1.01,1.35871209,4,25.36
22,22.4,0,2.044721,0,91.076701,161,187,26,0.285473669,28.54736691,F2,F2_P5_22,5,1,Male,2,0,2.017628831,3.016088972,4.843211541,3,22.4
23,24.46,1,3.286654,0.304260808,91.786593,174,189,15,0.16342256,16.342256,F2,F2_P5_23,5,1,Female,1,0,2.800530405,2.989031497,4.790675448,3,24.46
24,26.67,0,3.119354,0,91.889107,171,182,11,0.11970951,11.97095103,F2,F2_P5_24,5,1,Male,2,0,1.710351493,1.958892412,4.191256459,4,26.67
25,26.25,4,3.035197,1.317871624,91.106289,162,154,8,0.087809525,8.780952542,F2,F2_P5_25,5,1,Male,2,1.831036218,2.440440546,2.232068342,3.470704699,4,26.25
26,25.39,0,2.193826,0,87.831704,147,173,26,0.296020672,29.60206715,F2,F2_P5_26,5,1,Male,2,1.350458233,3.018015441,3.233088506,0,4,25.39
27,30.37,19,3.324704,5.71479446,100.639379,144,172,28,0.278221113,27.82211126,F2,F2_P5_27,5,1,Male,2,1.768671595,2.558809631,0,0,3,30.37
28,27.36,6,2.893448,2.073650537,95.267865,156,144,12,0.125960627,12.59606269,F2,F2_P5_28,5,1,Male,2,0,2.312298141,0,4.30195454,4,27.36
29,24.81,0,2.733955,0,93.747119,189,160,29,0.30934284,30.93428396,F2,F2_P5_29,5,1,Female,1,0.7,2.125162465,2.665928743,4.203536665,3,24.81
30,26.44,0,2.908881,0,98.956601,168,147,21,0.212214241,21.22142413,F2,F2_P5_30,5,1,Male,2,0,1.91021453,3.372819858,5.288498231,4,26.44
31,23.76,2,2.668553,0.749469844,96.557299,167,182,15,0.155348173,15.53481731,F2,F2_P5_31,5,1,Female,1,0,2.638399609,2.901082073,4.902451127,2,23.76
32,24.85,4,2.8526,1.402229545,89.117456,175,140,35,0.392740116,39.27401159,F2,F2_P5_32,5,1,Female,1,1.875357528,2.714593841,3.352773357,5.485316695,2,24.85
33,26.33,6,3.69987,1.6216786,97.104683,164,174,10,0.102981645,10.29816451,F2,F2_P5_33,5,1,Female,1,1.545579554,2.105001851,2.213359414,5.337164816,4,26.33
34,25.19,15,2.732026,5.490430911,93.629563,153,176,23,0.245648909,24.5648909,F2,F2_P5_34,5,1,Male,2,1.523882848,2.196085781,0,0,2,25.19
35,28.72,0,3.715237,0,91.713838,146,154,8,0.08722784,8.722784014,F2,F2_P5_35,5,1,Female,1,0,3.227441751,2.466919803,4.497569266,5,28.72
36,27,0,2.980905,0,90.951116,182,151,31,0.340842437,34.08424367,F2,F2_P5_36,5,1,Female,1,0,2.764013773,3.068538967,4.809009024,2,27
37,23.46,0,1.819861,0,95.864957,172,153,19,0.198195468,19.81954678,F2,F2_P5_37,5,1,Female,1,0,2.083943726,3.993043276,5.180473647,4,23.46
38,27.13,1,2.824993,0.353983178,77.408844,131,158,27,0.348797355,34.87973545,F2,F2_P5_38,5,1,Female,1,1.588212033,2.225342405,2.572575075,3.659783968,3,27.13
39,29.66,0,3.411547,0,88.335913,173,154,19,0.215088058,21.50880582,F2,F2_P5_39,5,1,Female,1,1.622787782,2.311376972,3.629039889,5.190175228,4,29.66
40,41.08,15,7.258428,2.066563173,97.40614,162,157,5,0.051331466,5.133146637,F2,F2_P5_40,5,1,Female,1,0,2.096302233,2.688444465,4.78253379,4,41.08
41,36.03,25,5.865297,4.262358752,93.713402,162,174,12,0.128049988,12.8049988,F2,F2_P5_41,5,1,Male,2,0,2.50993567,0,0,4,36.03
42,33.3,22,4.555752,4.829060054,93.644017,142,132,10,0.106787388,10.67873882,F2,F2_P5_42,5,1,Male,2,0,2.563724718,2.529821779,4.491828963,6,33.3
43,44.33,8,8.343935,0.95878024,90.707002,153,135,18,0.19844113,19.84411303,F2,F2_P5_43,5,1,Male,2,0,2.013508838,3.231036065,4.951417987,4,44.33
44,38.66,9,6.66679,1.349975025,82.591736,147,160,13,0.157400736,15.74007356,F2,F2_P5_44,5,1,Female,1,1.796863049,2.392814466,0,0,4,38.66
45,48.08,8,9.201431,0.869429983,92.516381,145,125,20,0.216177933,21.61779329,F2,F2_P5_45,5,1,Male,2,0,2.295581964,3.146383312,5.010065176,5,48.08
46,39.95,48,6.244537,7.686718807,85.679145,169,149,20,0.233429033,23.34290334,F2,F2_P5_46,5,1,Male,2,0,2.320101099,0,0,5,39.95
47,36.99,12,6.147385,1.95204953,81.430048,164,173,9,0.110524312,11.05243116,F2,F2_P5_47,5,1,Male,2,0,2.810282982,3.221058711,4.811471084,4,36.99
48,43.53,24,9.036312,2.655950791,86.797538,146,168,22,0.25346341,25.34634104,F2,F2_P5_48,5,1,Male,2,1.576685818,2.570759692,2.837074504,4.29083621,3,43.53
49,38.13,29,6.56956,4.414298674,81.203914,155,146,9,0.110832096,11.08320961,F2,F2_P5_49,5,1,Male,2,0,2.731624403,3.253539876,4.788022917,4,38.13
50,37.45,37,6.924092,5.343660945,80.810897,120,140,20,0.247491375,24.74913748,F2,F2_P5_50,5,1,Male,2,0,2.228759489,2.659205524,3.769274993,2,37.45
51,38.32,12,5.327672,2.252390913,70.537825,139,148,9,0.127591119,12.75911187,F2,F2_P6_1,6,2,Male,2,2.041236672,2.439885229,2.835177881,5.017266089,4,38.32
52,33.78,14,5.032233,2.782065139,68.177612,181,156,25,0.366689288,36.6689288,F2,F2_P6_2,6,2,Female,1,2.228753765,2.770424363,0,0,4,33.78
53,37.33,13,6.365512,2.042255203,70.111221,144,136,8,0.114104417,11.4104417,F2,F2_P6_3,6,2,Male,2,2.314469694,2.60064979,0,2.560401646,5,37.33
54,35.02,0,6.055377,0,71.759631,192,163,29,0.404126939,40.41269387,F2,F2_P6_4,6,2,Female,1,1.577640481,2.459492003,2.161305258,3.563940193,2,35.02
55,39.51,74,7.245274,10.21355438,68.700663,93,118,25,0.363897507,36.38975071,F2,F2_P6_5,6,2,Male,2,1.494540857,2.219172613,0,0,4,39.51
56,39.6,53,8.108505,6.536346712,69.878149,101,151,50,0.71553126,71.553126,F2,F2_P6_6,6,2,Male,2,0,2.270106154,1.77,2.329220212,3,39.6
57,35.88,32,5.652784,5.66092743,69.345064,114,119,5,0.072103185,7.210318531,F2,F2_P6_7,6,2,Male,2,0,2.123144243,0,0,4,35.88
58,41.32,105,7.480789,14.03595262,69.308319,130,111,19,0.274137366,27.41373658,F2,F2_P6_8,6,2,Male,2,1.914238778,2.471798014,0,0,5,41.32
59,36.83,77,6.175103,12.46942764,68.561986,125,116,9,0.131268076,13.12680762,F2,F2_P6_9,6,2,Male,2,1.49253193,2.248090739,2.301784347,4.920000519,4,36.83
60,30.74,1,3.690463,0.27096871,67.280335,197,169,28,0.416169153,41.61691525,F2,F2_P6_10,6,2,Female,1,2.026365096,2.731176218,3.535841887,5.27479577,4,30.74
61,38.54,39,6.55012,5.954089391,68.317139,138,169,31,0.453766075,45.37660747,F2,F2_P6_11,6,2,Female,1,0,2.63172621,2.377299249,1.901442036,0,38.54
62,35.46,18,6.075816,2.962565028,67.743886,142,143,1,0.01476148,1.476147973,F2,F2_P6_12,6,2,Male,2,1.65104885,2.688704278,1.809446922,3.70390021,5,35.46
63,33,NA,NA,NA,67.217513,183,178,5,0.074385376,7.438537632,F2,F2_P6_13,6,2,Female,1,2.196472157,2.702581875,NA,4.806930021,4,33
64,29.49,4,3.641712,1.098384496,66.986424,149,172,23,0.343353155,34.33531547,F2,F2_P6_14,6,2,Female,1,1.843929602,2.111065429,0.93,2.507027788,4,29.49
65,28.2,15,2.676419,5.60450363,66.843892,157,130,27,0.403926211,40.39262106,F2,F2_P6_15,6,2,Male,2,2.12158597,2.735316139,0,1.786651928,4,28.2
66,30.99,0,3.59,0,65.35308,131,182,51,0.78037638,78.03763801,F2,F2_P6_16,6,2,Female,1,2.110521556,2.842771578,3.157219509,4.752402491,4,30.99
67,28.11,0,3.842501,0,66.236116,173,118,55,0.830362698,83.03626982,F2,F2_P6_17,6,2,Female,1,2.831968616,3.007379439,0,2.486296741,2,28.11
68,29.13,32,4.474852,7.151074494,65.241993,116,117,1,0.015327551,1.532755138,F2,F2_P6_18,6,2,Male,2,2.084542555,2.413584617,0,0,3,29.13
69,25.47,16,2.715739,5.891582365,64.409615,130,151,21,0.326038279,32.60382786,F2,F2_P6_19,6,2,Male,2,2.136677037,3.305092577,3.56049475,5.046132637,4,25.47
70,21.65,6,1.648678,3.639279471,64.927079,140,108,32,0.492860614,49.28606137,F2,F2_P6_20,6,2,Male,2,2.136343606,2.636715377,3.586363856,4.735152778,4,21.65
71,19.1,3,1.382497,2.169986626,62.732845,154,105,49,0.781090034,78.10900335,F2,F2_P6_21,6,2,Female,1,1.589461044,2.012500959,0,0,1,19.1
72,26.41,61,3.245593,18.7947164,64.766871,126,98,28,0.432319789,43.23197889,F2,F2_P6_22,6,2,Male,2,2.133144087,3.024906476,0,0,3,26.41
73,20.71,14,1.981923,7.063846577,64.535624,167,115,52,0.805756523,80.57565229,F2,F2_P6_23,6,2,Male,2,1.474757984,1.86655547,0,0,2,20.71
74,26.08,3,2.277412,1.317284707,63.898943,166,129,37,0.579039312,57.90393121,F2,F2_P6_24,6,2,Female,1,2.242822763,2.594949501,2.063137567,4.880851213,3,26.08
75,24.6,1,2.204531,0.453611222,64.774439,151,116,35,0.540336598,54.03365979,F2,F2_P6_25,6,2,Male,2,0,2.533467708,0,3.378004295,2,24.6
76,26.52,3,2.355526,1.273600886,66.172973,129,164,35,0.528916843,52.89168434,F2,F2_P6_26,6,2,Male,2,1.74565678,2.453263522,2.52217284,4.976997894,3,26.52
77,23.84,11,2.228095,4.936952868,62.343473,134,196,62,0.994490634,99.44906342,F2,F2_P6_27,6,2,Male,2,2.186517939,2.861145228,0,1.029831483,3,23.84
78,23.2,21,2.237654,9.384828932,61.824721,112,142,30,0.485242788,48.52427882,F2,F2_P6_28,6,2,Male,2,0,2.719683351,0,3.429497098,0,23.2
79,27.37,6,2.584117,2.321876293,60.175599,108,121,13,0.21603441,21.60344096,F2,F2_P6_29,6,2,Male,2,0,2.903457543,2.934906279,4.596411022,2,27.37
80,19.98,1,1.55966,0.641165382,62.176065,121,155,34,0.54683422,54.68342199,F2,F2_P6_30,6,2,Male,2,0,2.669687641,0,1.56897433,2,19.98
81,27.54,15,2.336444,6.420012635,63.06668,103,85,18,0.285412202,28.54122018,F2,F2_P6_31,6,2,Male,2,2.219401409,2.592922413,0,1.202651907,1,27.54
82,24.91,20,3.080605,6.492231234,63.652951,134,163,29,0.455595531,45.55955308,F2,F2_P6_32,6,2,Male,2,1.856330265,2.423110867,3.012961066,5.142996717,3,24.91
83,25.77,18,2.525992,7.125913305,62.967342,136,144,8,0.127049987,12.70499873,F2,F2_P6_33,6,2,Female,1,1.950504506,2.301971265,3.223639784,5.387144238,2,25.77
84,26.72,16,3.273872,4.887179462,62.550351,146,122,24,0.383690893,38.36908925,F2,F2_P6_34,6,2,Female,1,0,2.615031839,2.658754955,4.839349334,3,26.72
85,36.56,4,4.872927,0.820861876,63.992513,121,151,30,0.468804843,46.88048428,F2,F2_P6_35,6,2,Male,2,1.956834334,2.474370242,0,4.483371576,4,36.56
86,21.21,15,2.864452,5.23660372,60.578687,109,100,9,0.148567103,14.85671025,F2,F2_P6_36,6,2,Male,2,2.074940833,2.555595702,0.79,4.857360556,4,21.21
87,31.87,62,4.989588,12.42587564,62.567345,118,106,12,0.191793339,19.17933388,F2,F2_P6_37,6,2,Male,2,1.899354839,2.380001863,0,0,4,31.87
88,35.5,7,4.99,1.402805611,64.475371,140,158,18,0.27917637,27.91763695,F2,F2_P6_38,6,2,Male,2,1.772231746,2.622697339,3.578768005,5.146957646,4,35.5
89,29.96,3,3.730252,0.80423521,63.665201,174,182,8,0.125657343,12.5657343,F2,F2_P6_39,6,2,Female,1,1.743912598,2.751243128,0,0,4,29.96
90,25.71,28,3.270003,8.562683276,62.928133,140,147,7,0.111238005,11.12380054,F2,F2_P6_40,6,2,Female,1,2.190750149,2.834247725,0,0,3,25.71
91,32.94,26,4.421033,5.880978495,63.954516,138,167,29,0.453447259,45.34472593,F2,F2_P6_41,6,2,Male,2,2.114431303,2.445641687,2.838708012,5.281591023,4,32.94
92,28.61,6,3.379507,1.775406886,64.276494,173,158,15,0.233366804,23.33668044,F2,F2_P6_42,6,2,Female,1,2.096220541,2.35792728,0,0,2,28.61
93,28.91,3,3.261761,0.919748565,63.138706,136,169,33,0.522658795,52.26587951,F2,F2_P6_43,6,2,Male,2,0,2.94354276,0,0,3,28.91
94,32.38,16,4.722046,3.38836174,62.57851,148,178,30,0.4793978,47.93977997,F2,F2_P6_44,6,2,Female,1,1.882846837,2.390625228,3.291882887,5.499166689,4,32.38
95,37.44,30,6.915391,4.338149499,64.571485,163,166,3,0.046460136,4.646013639,F2,F2_P6_45,6,2,Male,2,1.768932106,2.482235132,0,0,5,37.44
96,34.1,19,4.724714,4.021407433,62.609893,150,172,22,0.351382169,35.13821689,F2,F2_P6_46,6,2,Female,1,0,3.108713215,3.900565228,5.311104565,5,34.1
97,28.73,0,4.438385,0,63.413595,190,168,22,0.346928762,34.69287619,F2,F2_P6_47,6,2,Female,1,2.153986199,2.560153877,0,0,3,28.73
98,32.99,7,4.190865,1.670299568,62.716057,193,136,57,0.908858157,90.88581573,F2,F2_P6_48,6,2,Female,1,2.062359046,2.441807177,2.533587906,4.847210027,4,32.99
99,35.82,2,6.684655,0.299192703,64.701907,136,167,31,0.479120345,47.91203449,F2,F2_P6_49,6,2,Female,1,0,2.785337871,2.141093235,4.681215003,4,35.82
100,37.48,15,7.40569,2.025469605,65.84323,175,137,38,0.577128431,57.71284307,F2,F2_P6_50,6,2,Female,1,0,2.878591325,0,0,3,37.48
101,43.12,69,10.302732,6.697252729,89.934373,101,134,33,0.366934231,36.6934231,F2,F2_P7_1,7,2,Male,2,1.852576839,2.221792006,3.25961686,5.015383293,4,43.12
102,48.54,174,13.303108,13.07965026,70.902112,164,147,17,0.239767188,23.97671878,F2,F2_P7_2,7,2,Male,2,2.135646252,2.659147739,0,1.648993265,2,48.54
103,46.58,115,10.005656,11.49349928,69.668193,163,146,17,0.244013793,24.40137926,F2,F2_P7_3,7,2,Male,2,1.699699329,2.432175589,0,1.28473087,2,46.58
104,43.97,111,10.263455,10.81507153,70.519427,145,143,2,0.028360979,2.836097917,F2,F2_P7_4,7,2,Male,2,0,2.556152767,0,0,0,43.97
105,40.1,55,8.716451,6.309907553,68.199626,141,170,29,0.425222273,42.52222732,F2,F2_P7_5,7,2,Male,2,2.122007112,2.607884181,3.948192704,4.510051421,4,40.1
106,43.33,76,9.464916,8.029653935,71.196302,183,165,18,0.25282212,25.28221199,F2,F2_P7_6,7,2,Female,1,1.952470857,2.711994808,0,0,3,43.33
107,34.74,3,4.610896,0.650632762,67.334738,155,189,34,0.504939961,50.49399613,F2,F2_P7_7,7,2,Female,1,2.262892629,2.919901092,2.990536294,4.976413642,5,34.74
108,32.52,8,4.461612,1.793073893,66.28677,172,199,27,0.407321099,40.73210989,F2,F2_P7_8,7,2,Female,1,0,2.382768342,0,1.516883804,1,32.52
109,32.05,7,5.220671,1.340823814,67.054839,183,151,32,0.477221338,47.72213382,F2,F2_P7_9,7,2,Male,2,2.245743259,2.815768298,3.594522801,4.77191589,5,32.05
110,34.46,30,5.968063,5.026756588,67.814079,144,181,37,0.545609415,54.56094154,F2,F2_P7_10,7,2,Female,1,1.800748041,2.849593913,0,3.820570484,4,34.46
111,48.49,98,13.928056,7.03615781,69.134615,135,124,11,0.159109876,15.91098757,F2,F2_P7_11,7,2,Male,2,1.866497508,2.453937863,0,0,4,48.49
112,32.56,3,4.449223,0.674275036,65.811577,148,179,31,0.471041744,47.10417439,F2,F2_P7_12,7,2,Male,2,1.723352724,2.291442055,0,1.595150323,3,32.56
113,36.11,12,6.34725,1.890582536,65.809452,135,152,17,0.258321555,25.83215554,F2,F2_P7_13,7,2,Female,1,2.39237808,2.839976592,2.782062373,5.061533596,4,36.11
114,26.19,7,2.817078,2.484844225,62.968083,111,150,39,0.619361399,61.93613993,F2,F2_P7_14,7,2,Male,2,1.96363405,2.340199588,2.48021324,4.050929403,4,26.19
115,22.6,NA,NA,NA,63.994228,183,153,30,0.468792279,46.87922792,F2,F2_P7_15,7,2,Female,1,0,1.872342688,0,1.324544398,2,22.6
116,23.45,2,1.684582,1.18723814,65.068143,185,161,24,0.36884409,36.88440901,F2,F2_P7_16,7,2,Male,2,2.055744879,3.169024351,0,0,2,23.45
117,NA,NA,NA,NA,NA,NA,NA,NA,NA,NA,F2,F2_P7_17,7,2,Male,2,1.914088168,2.941930881,0,2.103691969,4,28.03
118,27.71,9,3.069527,2.932047837,66.022009,174,134,40,0.605858571,60.58585706,F2,F2_P7_18,7,2,Male,2,2.321972955,2.549658707,0,0,4,27.71
119,30.26,17,3.249015,5.232355037,65.944901,122,165,43,0.652059513,65.20595125,F2,F2_P7_19,7,2,Male,2,1.776472836,2.448177578,3.263157342,4.983072881,2,30.26
120,24.62,8,2.478724,3.227467035,65.008842,117,144,27,0.415328118,41.5328118,F2,F2_P7_20,7,2,Female,1,2.432631706,2.85674847,3.925679055,5.660482304,4,24.62
121,25.46,23,2.666273,8.626273454,65.381773,183,123,60,0.917686952,91.76869523,F2,F2_P7_21,7,2,Male,2,2.203673221,2.728654397,3.636845062,4.522952668,3,25.46
122,29.19,9,3.701416,2.43150189,65.026547,163,114,49,0.753538397,75.35383972,F2,F2_P7_22,7,2,Female,1,1.922836726,2.490739258,3.084438733,4.684258043,3,29.19
123,26.26,4,3.734673,1.071044239,64.250972,126,167,41,0.638122642,63.81226419,F2,F2_P7_23,7,2,Male,2,1.931867783,2.709122227,3.516627326,5.377371335,4,26.26
124,27.21,11,3.86417,2.846665649,66.990707,120,168,48,0.716517293,71.65172925,F2,F2_P7_24,7,2,Female,1,2.47121297,2.746649846,0,0,4,27.21
125,26.22,7,3.622873,1.932168199,68.776514,131,171,40,0.581593885,58.15938854,F2,F2_P7_25,7,2,Female,1,1.960909335,2.737321468,3.910478063,5.882695743,4,26.22
126,20.82,3,2.268155,1.322660929,68.28172,177,131,46,0.673679573,67.36795734,F2,F2_P7_26,7,2,Male,2,2.12217708,2.661105035,0,1.459355797,4,20.82
127,23.07,0,2.9468,0,67.343637,162,185,23,0.341531896,34.15318956,F2,F2_P7_27,7,2,Female,1,0,2.61646969,2.971911048,5.831551832,4,23.07
128,25.17,0,2.355,0,67.613372,179,136,43,0.635968873,63.59688731,F2,F2_P7_28,7,2,Female,1,1.95352052,2.481738769,0,0,2,25.17
129,20.94,0,2.064135,0,68.556664,150,187,37,0.53969954,53.96995396,F2,F2_P7_29,7,2,Male,2,2.224515192,3.05242242,0,0,3,20.94
130,21.71,0,1.397,0,64.908885,122,181,59,0.908966469,90.89664689,F2,F2_P7_30,7,2,Female,1,1.616899498,2.236579579,0,0,0,21.71
131,25.51,0,2.874759,0,69.876401,157,182,25,0.35777458,35.77745797,F2,F2_P7_31,7,2,Female,1,1.882492688,2.648893277,0,1.602752833,4,25.51
132,25.97,11,3.233892,3.401474137,69.29624,101,147,46,0.66381668,66.38166804,F2,F2_P7_32,7,2,Male,2,1.751952225,2.530403324,3.003293178,6.320325732,5,25.97
133,26.07,0,2.479172,0,69.331339,165,189,24,0.346163803,34.61638034,F2,F2_P7_33,7,2,Female,1,2.679817435,3.14219903,1.844084678,3.559133216,3,26.07
134,19.58,3,1.713518,1.750784059,56.333548,88,135,47,0.834316347,83.43163473,F2,F2_P7_34,7,2,Female,1,0,2.181419181,0,0,3,19.58
135,28.6,2,3.42068,0.58467907,63.073076,172,140,32,0.507348016,50.73480164,F2,F2_P7_35,7,2,Male,2,1.272017275,2.86323082,0,1.81573489,3,28.6
136,24.87,4,3.574587,1.119010392,64.341048,140,109,31,0.481807508,48.1807508,F2,F2_P7_36,7,2,Male,2,1.832799597,2.803634073,3.465225165,5.349106762,3,24.87
137,20.82,0,1.7011,0,63.365984,158,195,37,0.5839095,58.39094995,F2,F2_P7_37,7,2,Female,1,1.684267524,2.691344865,2.965373982,4.876403081,2,20.82
138,23.38,0,2.594066,0,64.996568,134,167,33,0.507719115,50.77191153,F2,F2_P7_38,7,2,Female,1,1.653496592,2.420803643,0,0,2,23.38
139,28.22,4,3.556039,1.124847056,60.885914,163,129,34,0.558421444,55.84214438,F2,F2_P7_39,7,2,Female,1,1.910115557,2.437611247,2.667795467,4.859068578,4,28.22
140,27.38,3,2.711637,1.106342774,60.030031,128,168,40,0.666333156,66.63331558,F2,F2_P7_40,7,2,Male,2,1.884768264,3.055550398,2.363387958,2.086746879,3,27.38
141,28.12,3,2.704077,1.109435863,63.542828,142,178,36,0.566547022,56.65470224,F2,F2_P7_41,7,2,Female,1,0,2.887578267,3.130784029,4.981343615,2,28.12
142,31.27,41,4.842612,8.466505266,59.44293,131,164,33,0.55515433,55.51543304,F2,F2_P7_42,7,2,Female,1,0,2.852620766,0,4.552484379,4,31.27
143,30.54,7,4.128,1.695736434,66.438746,162,134,28,0.421440826,42.14408261,F2,F2_P7_43,7,2,Male,2,1.809651147,2.395206027,0,0,4,30.54
144,33.82,9,5.586667,1.610978424,68.913255,158,174,16,0.232175944,23.21759435,F2,F2_P7_44,7,2,Female,1,1.870215918,2.455796883,3.420414341,5.50006148,4,33.82
145,32.06,9,4.34843,2.069712517,69.2245,161,150,11,0.158903279,15.89032785,F2,F2_P7_45,7,2,Male,2,1.646255361,2.605301548,0,0,4,32.06
146,33.58,2,4.82101,0.41485083,93.593487,142,192,50,0.534225207,53.42252074,F2,F2_P7_46,7,2,Female,1,2.178838921,3.093232981,2.871800736,4.622073526,2,33.58
147,43.12,63,10.077486,6.251559169,71.793345,153,129,24,0.334292823,33.42928234,F2,F2_P7_47,7,2,Male,2,1.392914917,2.83728844,1.502713277,3.777821181,3,43.12
148,40.24,21,7.823,2.684392177,176.607,158,160,2,0.011324579,1.132457943,F2,F2_P7_48,7,2,Female,1,0,2.655311129,3.726859777,5.499296713,3,40.24
149,NA,124,11.716,10.583817,163.846,139,140,1,0.006103292,0.610329212,F2,F2_P7_49,7,2,Male,2,1.892501824,2.426781619,0,1.490762816,4,47.94
150,48.66,121,11.568454,10.45947886,74.706729,119,114,5,0.066928375,6.692837535,F2,F2_P7_50,7,2,Male,2,1.726264425,2.759755324,0,1.902636691,3,48.66
151,38.83,93,7.712768,12.05792784,64.093123,128,139,11,0.171625277,17.16252772,F2,F2_P8_1,8,3,Male,2,1.724057724,2.068061794,2.798856722,4.345872665,3,38.83
152,38.25,48,5.998198,8.002403388,65.603522,141,148,7,0.106701588,10.67015884,F2,F2_P8_2,8,3,NA,NA,2.13436473,2.657077824,NA,3.593227152,4,38.25
153,38.03,8,6.728835,1.188913088,67.709567,153,171,18,0.26584131,26.58413101,F2,F2_P8_3,8,3,Female,1,2.60355194,2.898640956,3.025269594,4.312384296,4,38.03
154,33.1,17,5.954912,2.854786099,69.483401,134,143,9,0.129527339,12.95273385,F2,F2_P8_4,8,3,Male,2,1.948467104,2.42313344,2.738243348,4.820108107,5,33.1
155,37.17,4,5.958353,0.671326456,72.730142,167,198,31,0.426233184,42.6233184,F2,F2_P8_5,8,3,Male,2,1.684462095,2.087406555,2.039298182,3.519526027,3,37.17
156,35.4,46,5.118751,8.986567231,70.50502,175,158,17,0.241117583,24.11175828,F2,F2_P8_6,8,3,Male,2,1.928709681,2.349306682,2.401480009,4.123007547,4,35.4
157,37.56,45,6.849824,6.569511859,62.954105,158,117,41,0.651268094,65.12680944,F2,F2_P8_7,8,3,Male,2,1.819717809,2.572567652,0,0,4,37.56
158,41.1,32,7.791518,4.107030235,72.381106,144,154,10,0.138157602,13.81576015,F2,F2_P8_8,8,3,Female,1,1.90452819,2.342084852,3.290410557,4.787634348,4,41.1
159,40.54,11,6.479142,1.69775566,72.311212,158,205,47,0.649968362,64.99683618,F2,F2_P8_9,8,3,Male,2,1.846415157,2.164800592,2.493107037,4.178443771,3,40.54
160,41.42,63,7.225267,8.719400958,63.965537,106,126,20,0.312668367,31.2668367,F2,F2_P8_10,8,3,Male,2,2.025639194,2.361442337,0,1.298174485,6,41.42
161,38.42,16,5.673257,2.820249462,70.056433,168,171,3,0.04282262,4.282261987,F2,F2_P8_11,8,3,Female,1,2.034794379,2.628296506,2.602077219,4.379771427,4,38.42
162,36.9,18,6.297568,2.858246231,68.283624,147,128,19,0.278251195,27.82511953,F2,F2_P8_12,8,3,Male,2,1.993877607,2.646398104,0,0,5,36.9
163,32.33,9,4.481659,2.008184915,61.196442,159,199,40,0.653632772,65.36327717,F2,F2_P8_13,8,3,Male,2,1.451820705,1.622558654,1.15,3.896417897,4,32.33
164,31.58,5,3.290465,1.519542071,64.069218,139,161,22,0.343378625,34.33786253,F2,F2_P8_14,8,3,Female,1,2.18473064,2.737432056,0,0,5,31.58
165,30.96,2,4.177336,0.478774032,65.196099,190,185,5,0.076691705,7.669170513,F2,F2_P8_15,8,3,Female,1,2.071366774,2.867037083,0,0,4,30.96
166,26.26,12,2.942753,4.07781421,62.218529,148,138,10,0.160723826,16.07238255,F2,F2_P8_16,8,3,Male,2,1.969996752,2.531276001,1.35,1.922661565,5,26.26
167,34.16,14,5.246546,2.668422234,62.559581,160,167,7,0.111893333,11.18933325,F2,F2_P8_17,8,3,Female,1,1.69061101,2.316800707,0,0,3,34.16
168,27.03,0,2.94705,0,59.65576,174,173,1,0.016762841,1.676284067,F2,F2_P8_18,8,3,Female,1,0,1.132702304,0,0,2,27.03
169,29.38,0,3.311077,0,65.955519,173,203,30,0.454852004,45.48520041,F2,F2_P8_19,8,3,Female,1,1.830123184,3.016964437,0,0,2,29.38
170,23.49,6,2.424053,2.475193405,56.5991,140,155,15,0.265021882,26.5021882,F2,F2_P8_20,8,3,Male,2,0,2.511857091,0,0,4,23.49
171,25.26,4,2.992079,1.336863098,63.761073,163,138,25,0.392088759,39.20887592,F2,F2_P8_21,8,3,Female,1,0,2.661382828,3.350068218,3.941490291,3,25.26
172,26.13,0,2.610675,0,65.932884,142,160,18,0.273004894,27.30048939,F2,F2_P8_22,8,3,Female,1,0,2.729673282,3.497133113,3.649930612,3,26.13
173,22.57,0,1.562806,0,66.515608,187,158,29,0.435987896,43.59878963,F2,F2_P8_23,8,3,Male,2,0,2.35966228,2.965820096,4.292645336,0,22.57
174,24.25,24,2.142612,11.20128143,58.716487,115,107,8,0.136247933,13.62479332,F2,F2_P8_24,8,3,Male,2,1.203865439,1.989291772,0,0,0,24.25
175,23.62,14,2.825769,4.954403562,64.044339,103,115,12,0.187370191,18.73701905,F2,F2_P8_25,8,3,Female,1,1.835476815,2.566062857,2.527907,3.488519609,4,23.62
176,27.48,15,2.977941,5.037037336,61.946856,137,147,10,0.161428693,16.1428693,F2,F2_P8_26,8,3,Male,2,1.708052994,2.660389695,1.832955856,1.431847666,4,27.48
177,25.09,11,2.453068,4.484180626,61.026324,124,137,13,0.213022826,21.3022826,F2,F2_P8_27,8,3,Male,2,0,2.718834096,0,0,5,25.09
178,25.47,17,2.572228,6.609056429,59.73887,117,149,32,0.535664635,53.56646351,F2,F2_P8_28,8,3,Male,2,0,1.877407947,0,0,4,25.47
179,28.04,7,2.854186,2.452538132,61.768233,133,121,12,0.19427462,19.42746201,F2,F2_P8_29,8,3,Female,1,2.077589341,2.226336168,2.252246252,4.096645539,4,28.04
180,26.82,3,3.169057,0.946653847,57.302934,112,129,17,0.296668928,29.6668928,F2,F2_P8_30,8,3,Male,2,2.329038062,2.920978953,0,0,4,26.82
181,22.77,0,2.83037,0,60.953092,154,134,20,0.328121172,32.81211723,F2,F2_P8_31,8,3,Male,2,0,2.537658139,2.327245856,3.991469871,4,22.77
182,28.55,4,3.170129,1.261778306,60.273369,124,144,20,0.331821505,33.18215048,F2,F2_P8_32,8,3,Female,1,2.067113119,2.601615406,0,0,5,28.55
183,26.33,8,3.095467,2.584424257,65.214553,149,151,2,0.030668001,3.066800136,F2,F2_P8_33,8,3,Female,1,2.115670373,2.659054082,2.890671584,3.434564396,5,26.33
184,26.29,1,3.340695,0.29933891,64.512588,172,177,5,0.077504254,7.75042539,F2,F2_P8_34,8,3,Female,1,2.068807027,2.589631576,1.25,1.13290127,4,26.29
185,23.66,3,2.151809,1.394175784,64.382817,162,151,11,0.17085304,17.08530399,F2,F2_P8_35,8,3,Female,1,2.394208533,2.94508842,0,2.267769201,4,23.66
186,26.17,6,2.683374,2.235990958,61.377717,142,120,22,0.358436271,35.84362709,F2,F2_P8_36,8,3,Female,1,1.850590151,2.293712807,0,0,0,26.17
187,26.36,3,2.671658,1.122898215,60.224603,140,180,40,0.664180385,66.41803849,F2,F2_P8_37,8,3,Female,1,2.441681466,2.717096289,0,0,4,26.36
188,29.52,0,3.541559,0,63.576866,136,168,32,0.503327736,50.33277356,F2,F2_P8_38,8,3,Female,1,1.676238688,2.653990688,2.01223489,3.459721164,4,29.52
189,38.48,9,5.763426,1.56157119,66.740746,179,151,28,0.419533818,41.95338182,F2,F2_P8_39,8,3,Female,1,1.799067032,2.44248944,2.547995853,4.118541438,4,38.48
190,30.71,18,3.717312,4.842208564,61.708744,124,160,36,0.583385719,58.33857192,F2,F2_P8_40,8,3,Male,2,2.081325013,2.557343725,2.51908503,4.433430039,2,30.71
191,33.28,12,4.161275,2.883731549,63.748731,150,163,13,0.203925628,20.39256279,F2,F2_P8_41,8,3,Male,2,1.859408791,2.639865202,3.041415209,4.351000109,5,33.28
192,36.85,11,5.747975,1.91371744,66.13068,138,176,38,0.574619829,57.46198285,F2,F2_P8_42,8,3,Female,1,1.769634961,2.788258317,1.585996268,4.213436025,2,36.85
193,39.4,39,5.933711,6.57261535,61.838583,109,97,12,0.194053606,19.40536057,F2,F2_P8_43,8,3,Male,2,1.740472196,2.544102543,2.040947951,4.333617846,5,39.4
194,35.59,3,4.85122,0.618401145,67.547771,175,157,18,0.266478075,26.64780752,F2,F2_P8_44,8,3,Female,1,1.652526973,2.32728671,2.226706208,3.600122701,4,35.59
195,30.93,21,2.834003,7.410013327,59.29207,168,128,40,0.674626472,67.4626472,F2,F2_P8_45,8,3,Female,1,1.896644722,2.652358819,3.680053691,4.876529682,4,30.93
196,37.55,22,5.518793,3.986378906,65.232048,141,123,18,0.275937987,27.59379868,F2,F2_P8_46,8,3,Female,1,2.223902783,2.649464303,0,0,4,37.55
197,31.46,13,3.638787,3.572619117,66.027185,127,174,47,0.711828015,71.18280145,F2,F2_P8_47,8,3,Female,1,2.133590863,2.717777571,3.619579776,2.724655262,4,31.46
198,35.91,13,6.014974,2.16127285,67.38134,144,175,31,0.460068025,46.00680248,F2,F2_P8_48,8,3,Female,1,2.147695038,2.79341785,1.930316862,4.200764475,6,35.91
199,39.46,35,5.673054,6.169516454,72.921475,177,174,3,0.041140144,4.114014424,F2,F2_P8_49,8,3,Male,2,1.814819233,2.331078113,3.179157471,4.54160296,4,39.46
200,38.99,39,6.377077,6.115654555,65.873199,113,141,28,0.425059059,42.50590593,F2,F2_P8_50,8,3,Female,1,2.124677519,2.523153097,3.043327772,3.769579943,4,38.99
201,38.55,33,8.123981,4.062047905,65.923954,137,117,20,0.303379861,30.3379861,F2,F2_P10_1,10,3,Male,2,1.866909733,2.51113383,2.476769333,3.204843878,5,38.55
202,43.99,0,8.167936,0,68.320993,171,177,6,0.087820738,8.782073762,F2,F2_P10_2,10,3,Female,1,1.896603893,2.777460488,3.761292726,5.212468547,5,43.99
203,36.05,7,4.632464,1.511074884,59.754614,152,143,9,0.150615984,15.06159842,F2,F2_P10_3,10,3,Female,1,2.111620412,2.981910239,3.294037786,4.754299891,5,36.05
204,36.5,46,5.288058,8.698845588,64.196948,186,173,13,0.202501839,20.25018386,F2,F2_P10_4,10,3,Male,2,2.404033531,2.877703335,3.861332899,5.141656025,5,36.5
205,33.43,7,4.722167,1.482370276,66.600817,160,149,11,0.165163139,16.51631391,F2,F2_P10_5,10,3,Male,2,0,2.595688763,1.983600919,4.482431723,4,33.43
206,47.87,19,8.857885,4.062047905,70.546165,158,162,4,0.05670046,5.67004599,F2,F2_P10_6,10,3,Female,1,2.190361273,2.956319412,0,0,4,47.87
207,45.73,6,8.74428,0.68616284,69.252561,166,179,13,0.18771869,18.77186896,F2,F2_P10_7,10,3,Female,1,1.965083694,2.63854363,2.619170671,3.870575034,5,45.73
208,39.78,4,5.860697,0.682512677,62.081235,169,146,23,0.370482321,37.04823205,F2,F2_P10_8,10,3,Female,1,1.904647938,2.55611647,0,0,4,39.78
209,38.12,19,6.186815,3.071047057,67.236393,186,177,9,0.13385608,13.385608,F2,F2_P10_9,10,3,Female,1,0,2.391452633,0,1.994571807,4,38.12
210,41.64,31,6.353383,4.879290293,67.713641,145,167,22,0.324897608,32.48976081,F2,F2_P10_10,10,3,Female,1,1.838283186,2.216362401,0,3.9010609,5,41.64
211,38.97,20,6.506894,3.073663103,66.061033,153,175,22,0.333025371,33.30253706,F2,F2_P10_11,10,3,Female,1,0,3.081200857,2.93757978,4.377407174,4,38.97
212,38.68,12,5.134004,2.337356963,63.330616,148,179,31,0.489494686,48.94946861,F2,F2_P10_12,10,3,Female,1,2.272480344,2.680543465,0,0,4,38.68
213,38.54,34,6.158632,5.520706547,67.240511,154,162,8,0.118975895,11.89758953,F2,F2_P10_13,10,3,Male,2,1.947304864,2.587833793,3.178073733,4.193331829,5,38.54
214,27.52,4,2.896233,1.381104352,57.435623,NA,NA,0,0,0,F2,F2_P10_14,10,3,Female,1,2.233365231,2.703610262,3.764976136,4.898995948,4,27.52
215,30.96,15,3.656408,4.102386823,59.338468,181,187,6,0.101114845,10.11148451,F2,F2_P10_15,10,3,Female,1,2.248317704,2.905232596,2.468263131,3.451443625,4,30.96
216,28.47,21,2.96146,7.091096959,56.506689,NA,NA,0,0,0,F2,F2_P10_16,10,3,Female,1,2.350715117,3.011050808,0,0,4,28.47
217,30.42,4,3.553326,1.125705888,56.855492,164,176,12,0.211061405,21.10614046,F2,F2_P10_17,10,3,Female,1,2.381884039,2.731865344,1.985673278,3.422838312,5,30.42
218,31.39,22,3.636098,6.050441985,57.426497,151,165,14,0.243789901,24.37899007,F2,F2_P10_18,10,3,Male,2,2.057473624,2.757416589,0,1.859012568,4,31.39
219,23.79,6,2.209549,2.715486282,63.455301,157,182,25,0.393978117,39.3978117,F2,F2_P10_19,10,3,Male,2,0,2.364379404,0,0,3,23.79
220,34.32,8,4.075506,1.962946441,61.062165,179,162,17,0.278404803,27.84048027,F2,F2_P10_20,10,3,Female,1,2.002569593,2.516168828,3.297087269,4.486317586,5,34.32
221,33.2,12,3.876089,3.095904145,56.268897,175,149,26,0.462066992,46.20669924,F2,F2_P10_21,10,3,Male,2,0,2.660257668,0,1.284493109,5,33.2
222,33.06,4,3.65734,1.093691043,58.690009,183,156,27,0.46004423,46.004423,F2,F2_P10_22,10,3,Female,1,1.739853025,3.136515976,0,2.073591329,5,33.06
223,28.16,8,2.865078,2.792245098,57.295876,145,186,41,0.715583788,71.55837883,F2,F2_P10_23,10,3,Male,2,0,2.423749522,3.160430106,4.962186306,2,28.16
224,31.09,4,3.604622,1.109686397,59.881417,126,176,50,0.834983581,83.4983581,F2,F2_P10_24,10,3,Female,1,0,4.751959779,3.908431127,5.148541121,5,31.09
225,28.13,6,2.535284,2.366598772,56.860573,127,180,53,0.932104571,93.21045709,F2,F2_P10_25,10,3,Female,1,1.590147205,1.920645851,1.1,3.599444912,4,28.13
226,26.24,7,2.463111,2.841934448,57.82898,159,171,12,0.207508415,20.75084153,F2,F2_P10_26,10,3,Female,1,1.717389954,2.630851797,0,1.556544394,3,26.24
227,28.69,16,2.553093,6.266908413,59.820892,200,190,10,0.167165679,16.71656785,F2,F2_P10_27,10,3,Female,1,2.15762922,2.648177817,0,2.226110984,4,28.69
228,27.49,9,2.612481,3.445001131,60.323572,143,175,32,0.530472566,53.04725655,F2,F2_P10_28,10,3,Female,1,2.40464705,2.637465719,0,0,4,27.49
229,27.65,52,2.950792,17.62238748,61.605244,146,143,3,0.048697153,4.869715312,F2,F2_P10_29,10,3,Male,2,2.268391224,2.646522018,3.378706634,4.452238309,4,27.65
230,27.78,7,2.359919,2.966203501,60.897818,147,163,16,0.262735194,26.27351936,F2,F2_P10_30,10,3,Female,1,2.291135959,2.623998617,0,0,4,27.78
231,29.44,20,4.356872,4.590449295,62.181382,168,145,23,0.369885636,36.98856355,F2,F2_P10_31,10,3,Female,1,1.792407476,2.414813429,2.679242571,3.962489581,5,29.44
232,26.88,5,3.128771,1.598071575,65.404252,177,194,17,0.259921939,25.9921939,F2,F2_P10_32,10,3,Female,1,2.199184323,2.948780605,0,4.107445531,4,26.88
233,29.25,23,3.21761,7.148162767,61.090755,139,165,26,0.425596312,42.55963116,F2,F2_P10_33,10,3,Female,1,2.141083261,2.700033278,3.351164386,4.420307737,4,29.25
234,29.45,31,3.308803,9.368947018,64.771508,167,173,6,0.092633323,9.263332266,F2,F2_P10_34,10,3,Female,1,0.71,2.769719328,2.841008503,3.676536945,4,29.45
235,30.49,19,2.9998,6.333755584,68.742471,153,191,38,0.55278781,55.278781,F2,F2_P10_35,10,3,Female,1,1.982912124,2.62175968,2.599705676,4.942332946,3,30.49
236,25.45,19,2.964979,6.408139822,62.607787,146,129,17,0.271531719,27.15317186,F2,F2_P10_36,10,3,Female,1,0,2.642877033,3.375685363,4.460787672,3,25.45
237,33.33,28,4.62754,6.050731058,65.15512,167,163,4,0.061391952,6.139195201,F2,F2_P10_37,10,3,Female,1,2.465183355,2.872616669,2.700592807,3.82724592,4,33.33
238,29.99,19,3.446767,5.512412066,64.001432,180,133,47,0.734358569,73.43585687,F2,F2_P10_38,10,3,Male,2,2.38009518,2.73533532,3.366376199,4.699141577,4,29.99
239,31.01,16,3.281775,4.875410411,64.966784,151,186,35,0.538736841,53.87368413,F2,F2_P10_39,10,3,Male,2,2.327029721,2.633541515,1.804463705,4.28348353,4,31.01
240,34.08,9,4.874889,1.846195883,63.57703,181,162,19,0.298850072,29.88500721,F2,F2_P10_40,10,3,Female,1,2.149392132,2.834476865,2.623808486,4.511240193,3,34.08
241,35.38,11,5.579217,1.971602825,53.083907,140,156,16,0.301409616,30.14096155,F2,F2_P10_41,10,3,Female,1,2.009712391,2.566879819,2.112653999,3.964100487,3,35.38
242,31.66,0,4.168,0,67.007113,154,192,38,0.567103973,56.7103973,F2,F2_P10_42,10,3,Female,1,2.481948742,2.736214668,4.072200843,3.743097906,4,31.66
243,40.02,5,5.846,0.855285665,67.945072,153,163,10,0.147177709,14.71777085,F2,F2_P10_43,10,3,Female,1,1.951796482,2.485075228,0,3.217237637,4,40.02
244,36.36,24,4.865626,4.932561607,71.186763,141,150,9,0.126427999,12.6427999,F2,F2_P10_44,10,3,Female,1,1.978461984,2.540095334,3.266646146,4.962866845,4,36.36
245,43.41,34,8.543921,3.979437544,71.780263,137,162,25,0.348285155,34.82851547,F2,F2_P10_45,10,3,Female,1,1.885933821,2.681734196,2.733310482,4.310882013,4,43.41
246,39.32,39,6.687718,5.831585602,70.579961,149,124,25,0.354208187,35.42081867,F2,F2_P10_46,10,3,Male,2,1.931707626,2.325576585,0,0,4,39.32
247,34.53,13,5.422,2.397639248,70.801553,145,173,28,0.395471551,39.54715513,F2,F2_P10_47,10,3,Female,1,2.024280839,2.642431795,3.175398063,4.650115958,3,34.53
248,35.67,85,5.373906,15.81717283,66.415858,140,182,42,0.632379092,63.23790924,F2,F2_P10_48,10,3,Female,1,1.428879441,2.357639741,2.059920618,5.218153585,4,35.67
249,34.97,12,5.027656,2.386798142,62.163448,152,145,7,0.112606366,11.26063664,F2,F2_P10_49,10,3,Female,1,2.693824162,3.110937808,0,3.633043317,4,34.97
250,31.86,44,4.267047,10.31158082,63.74024,152,133,19,0.298084852,29.80848519,F2,F2_P10_50,10,3,Female,1,0,2.801046607,3.364355195,5.465921028,4,31.86
251,43.35,15,5.457193,2.748665843,66.733596,141,140,1,0.014984956,1.4984956,F2,F2_P11_1,11,1,Male,2,1.992897026,2.645876195,2.826249822,4.115874736,3,43.35
252,35.74,19,6.597731,2.879777912,67.089858,183,175,8,0.119243061,11.92430606,F2,F2_P11_2,11,1,Male,2,0,2.363598232,2.747299978,4.967566534,4,35.74
253,33.17,28,5.400878,5.18434225,62.63805,142,170,28,0.447012639,44.70126385,F2,F2_P11_3,11,1,Male,2,0,2.117161518,0,0,4,33.17
254,34.08,0,4.193982,0,67.696519,169,149,20,0.295436166,29.54361656,F2,F2_P11_4,11,1,Male,2,2.167921374,2.215729239,0,0,4,34.08
255,32.09,0,4.075986,0,66.380202,182,194,12,0.180776793,18.07767925,F2,F2_P11_5,11,1,Female,1,0,2.572266913,3.191247271,4.376653208,3,32.09
256,34.04,24,4.455012,5.387190876,59.581508,144,112,32,0.537079391,53.70793905,F2,F2_P11_6,11,1,Female,1,1.716398077,2.433810852,3.276457753,5.480237653,4,34.04
257,35.2,16,4.808998,3.327096414,65.699582,108,138,30,0.45662391,45.66239097,F2,F2_P11_7,11,1,Male,2,NA,2.592034602,0,1.121433371,4,35.2
258,35.76,17,5.145652,3.303760145,66.218817,133,120,13,0.19631882,19.63188198,F2,F2_P11_8,11,1,Male,2,0,2.184577447,0,0.640824477,4,35.76
259,30.53,7,2.607299,2.684770715,61.017434,160,160,0,0,0,F2,F2_P11_9,11,1,Male,2,0,2.649897804,4.114430942,5.240481636,4,30.53
260,36.82,10,5.270623,1.897308914,69.155023,140,179,39,0.563950358,56.39503583,F2,F2_P11_10,11,1,Male,2,0,2.298181511,2.659962769,4.30304722,3,36.82
261,37.88,45,5.812368,7.742111305,66.981199,151,160,9,0.134366063,13.43660629,F2,F2_P11_11,11,1,Male,2,1.907035763,2.338065588,3.79194836,5.163766486,4,37.88
262,39.58,40,6.931435,5.770810806,69.605109,181,134,47,0.67523779,67.52377904,F2,F2_P11_12,11,1,Male,2,1.699967955,2.135283914,0,1.044414969,4,39.58
263,33.49,5,5.072726,0.98566333,65.779262,176,144,32,0.48647551,48.64755096,F2,F2_P11_13,11,1,Male,2,0,2.524181472,3.893309112,4.902061401,4,33.49
264,33.05,16,3.995781,4.004223455,63.899724,139,159,20,0.312990397,31.29903973,F2,F2_P11_14,11,1,Male,2,0,2.038431343,2.07367,4.036220053,4,33.05
265,29.5,16,3.063689,5.222462202,67.254098,102,155,53,0.788056068,78.80560676,F2,F2_P11_15,11,1,Male,2,0,2.116219774,0,0,3,29.5
266,32.63,34,5.787813,5.874412321,66.557803,204,131,73,1.09679101,109.679101,F2,F2_P11_16,11,1,Female,1,1.425880463,2.477825778,2.580467597,5.44371222,4,32.63
267,28.37,0,2.483437,0,59.143311,165,180,15,0.253621242,25.36212421,F2,F2_P11_17,11,1,Female,1,0,2.297419835,3.767385343,5.902294237,3,28.37
268,23.19,NA,NA,NA,62.218638,164,192,28,0.450025923,45.00259231,F2,F2_P11_18,11,1,Female,1,0,2.299643358,0,0,3,23.19
269,23.99,7,1.801295,3.886093061,63.334496,131,189,58,0.915772662,91.5772662,F2,F2_P11_19,11,1,Male,2,0,2.313016351,2.105800578,3.976875669,4,23.99
270,23.9,16,2.454739,6.518004562,59.024427,136,158,22,0.372727041,37.27270406,F2,F2_P11_20,11,1,Male,2,0,2.73214946,2.379386843,5.488816744,4,23.9
271,25.44,12,1.659,7.233273056,60.902191,116,110,6,0.098518623,9.851862308,F2,F2_P11_21,11,1,Male,2,0,2.849665734,4.014853293,5.69377526,3,25.44
272,22.56,3,2.086039,1.438132269,63.962867,135,157,22,0.343949561,34.39495606,F2,F2_P11_22,11,1,Male,2,0,2.615352173,2.10931433,4.382355375,3,22.56
273,21.75,0,2.31699,0,62.803932,133,153,20,0.318451399,31.84513989,F2,F2_P11_23,11,1,Female,1,1.900811172,2.31164798,1.33,2.38433993,3,21.75
274,21.7,4,2.067004,1.935168002,63.705642,134,146,12,0.188366362,18.83663616,F2,F2_P11_24,11,1,Female,1,0,2.544531669,1.26,3.702477555,3,21.7
275,22.44,0,2.267143,0,61.745792,139,142,3,0.048586307,4.85863069,F2,F2_P11_25,11,1,Female,1,0.7,2.279596096,0,0,4,22.44
276,23.9,8,3.037672,2.633595727,63.632715,166,170,4,0.062860747,6.286074702,F2,F2_P11_26,11,1,Female,1,0,2.117415832,2.738288769,3.993114181,3,23.9
277,25.49,8,2.727521,2.933066327,66.270774,146,115,31,0.467777847,46.77778473,F2,F2_P11_27,11,1,Male,2,1.712985767,2.040316921,2.12217877,3.826168135,4,25.49
278,22.76,0,1.711331,0,56.670097,138,138,0,0,0,F2,F2_P11_28,11,1,Female,1,0,2.317323196,3.345978015,5.121932639,3,22.76
279,21.18,0,1.917,0,58.767139,138,99,39,0.663636186,66.36361862,F2,F2_P11_29,11,1,Male,2,1.58362369,2.31602638,2.587201033,4.802250068,4,21.18
280,26.72,12,3.547703,3.382470291,68.085707,130,178,48,0.704993781,70.49937809,F2,F2_P11_30,11,1,Female,1,1.891603181,2.63125152,2.849517642,4.705598473,4,26.72
281,27.41,5,3.246618,1.540064153,63.838926,160,136,24,0.375946174,37.59461743,F2,F2_P11_31,11,1,Female,1,0,1.970536872,0,0,2,27.41
282,22.7,2,1.542139,1.296899955,55.576417,105,144,39,0.701736494,70.17364937,F2,F2_P11_32,11,1,Female,1,0,2.078492752,3.01914237,5.339754539,3,22.7
283,24.26,3,2.381884,1.25950718,55.581155,125,158,33,0.593726417,59.37264168,F2,F2_P11_33,11,1,Male,2,0,2.231736133,2.895157885,4.063927376,4,24.26
284,24.06,0,2.195,0,66.058873,163,132,31,0.469278366,46.92783663,F2,F2_P11_34,11,1,Male,2,0,2.509279617,2.363954535,4.386650513,4,24.06
285,26.52,0,2.020998,0,62.432644,152,140,12,0.192207141,19.22071409,F2,F2_P11_35,11,1,Male,2,0,2.46911587,2.450110759,4.596980813,4,26.52
286,20.1,0,1.996875,0,62.505413,118,136,18,0.287975059,28.79750591,F2,F2_P11_36,11,1,Male,2,0.66,2.104075153,0,0,4,20.1
287,23.42,6,2.203125,2.723404255,61.22491,121,144,23,0.375664088,37.56640884,F2,F2_P11_37,11,1,Male,2,0,1.912548074,1.17,3.745264473,4,23.42
288,29.95,14,4.233905,3.306640088,59.786795,114,123,9,0.150534913,15.05349133,F2,F2_P11_38,11,1,Female,1,1.896324852,2.286185093,3.136087525,4.69520192,4,29.95
289,23.49,3,2.182775,1.37439727,50.687184,162,124,38,0.749696412,74.96964124,F2,F2_P11_39,11,1,Male,2,0,2.226519267,2.392841916,3.775111592,4,23.49
290,26.55,5,3.092274,1.61693304,60.802621,148,107,41,0.674313037,67.43130366,F2,F2_P11_40,11,1,Male,2,1.492435188,2.246379517,2.411419483,4.701542021,3,26.55
291,23.12,0,2.254768,0,62.446163,133,161,28,0.448386236,44.83862363,F2,F2_P11_41,11,1,NA,NA,0,2.873241884,3.295158842,4.708357884,4,23.12
292,24.78,0,2.524819,0,61.534845,155,186,31,0.503779607,50.37796065,F2,F2_P11_42,11,1,Female,1,1.840876572,2.589146718,3.182360152,4.750029857,4,24.78
293,31.97,11,5.017698,2.192240346,60.007017,130,139,9,0.14998246,14.99824596,F2,F2_P11_43,11,1,Female,1,0,2.732738152,3.92358728,5.285371809,4,31.97
294,28.83,12,3.786681,3.169002089,61.687139,198,142,56,0.907806731,90.7806731,F2,F2_P11_44,11,1,Male,2,0,2.48185254,0,0,3,28.83
295,32.75,14,3.654,3.831417625,63.005437,102,141,39,0.618994199,61.89941989,F2,F2_P11_45,11,1,Male,2,0,2.243748342,2.414820635,3.461946314,4,32.75
296,32.1,23,4.910517,4.683824534,63.355783,104,127,23,0.363029212,36.30292123,F2,F2_P11_46,11,1,Male,2,1.803163178,2.720911058,3.210216973,4.813689173,5,32.1
297,29.42,7,3.098872,2.258886459,64.163349,130,176,46,0.716920184,71.69201844,F2,F2_P11_47,11,1,Male,2,0,2.450572527,2.311971686,4.589797868,4,29.42
298,28.56,0,3.024701,0,58.258345,159,187,28,0.480617841,48.06178411,F2,F2_P11_48,11,1,Female,1,0,2.439183067,2.692682986,5.067879643,4,28.56
299,26.95,8,3.775997,2.118645751,54.90944,105,147,42,0.764895799,76.48957993,F2,F2_P11_49,11,1,Female,1,0,2.895617601,3.558851304,5.083710249,3,26.95
300,20.47,0,2.234,0,55.859421,144,146,2,0.035804166,3.580416632,F2,F2_P11_50,11,1,Female,1,0,2.869487661,3.092112864,4.268904268,3,20.47
301,40.2,7,7.179985,0.974932399,76.449952,144,178,34,0.4447354,44.47354002,F2,F2_P12_1,12,4,Female,1,0,2.545307117,2.897923559,4.599404406,4,40.2
302,NA,NA,NA,NA,NA,NA,NA,NA,NA,NA,F2,F2_P12_2,12,4,Female,1,NA,NA,NA,NA,NA,NA
303,38,80,7.004368,11.42144445,72.017553,177,159,18,0.249939067,24.99390669,F2,F2_P12_3,12,4,Male,2,1.290844812,2.091574916,2.131158913,4.24137413,3,38
304,43.68,13,8.58182,1.514830188,80.979871,219,223,4,0.049394991,4.939499101,F2,F2_P12_4,12,4,Female,1,1.515269655,2.065174832,2.081920411,4.339093502,3,43.68
305,36.49,11,3.562488,3.087729699,69.63444,164,165,1,0.01436071,1.436071002,F2,F2_P12_5,12,4,Female,1,1.569110657,2.002736206,0,0,3,36.49
306,41.08,NA,NA,NA,75.343419,165,197,32,0.424721899,42.47218991,F2,F2_P12_6,12,4,Female,1,1.868721627,2.407672402,2.531683855,4.301992118,5,41.08
307,36.16,9,5.05074,1.781917105,76.022423,162,198,36,0.473544496,47.35444962,F2,F2_P12_7,12,4,Male,2,1.672718667,1.939127752,0,0,3,36.16
308,35.02,11,4.592721,2.395094324,73.814884,169,196,27,0.365779888,36.5779888,F2,F2_P12_8,12,4,Male,2,1.936195135,2.438919138,0,0,5,35.02
309,33.4,17,5.788339,2.93693925,72.505829,175,221,46,0.63443175,63.44317503,F2,F2_P12_9,12,4,Male,2,1.642443461,2.393774133,0,0,4,33.4
310,33.69,10,4.442495,2.250987339,74.149512,142,190,48,0.64734074,64.73407404,F2,F2_P12_10,12,4,Male,2,0,2.498788149,3.404753698,5.768964668,3,33.69
311,45.66,2,7.826467,0.255543146,76.06467,NA,NA,0,0,0,F2,F2_P12_11,12,4,Female,1,1.767316217,2.328659379,2.912969371,4.584392708,5,45.66
312,34.81,34,5.895684,5.766930521,76.318935,192,157,35,0.458601787,45.86017874,F2,F2_P12_12,12,4,Male,2,1.661427651,2.026748368,0,0,4,34.81
313,39.12,2,4.968271,0.402554531,77.345281,203,180,23,0.297367851,29.73678511,F2,F2_P12_13,12,4,Female,1,1.716405875,2.327310436,0,0,5,39.12
314,34.07,5,4.907862,1.018773551,76.420563,183,189,6,0.0785129,7.851289973,F2,F2_P12_14,12,4,Male,2,1.7979764,2.048351607,2.4928612,4.363187525,4,34.07
315,29.05,2,2.227863,0.897721269,72.544451,197,199,2,0.027569304,2.756930368,F2,F2_P12_15,12,4,Female,1,1.607986813,2.426684081,2.978053967,4.486627226,4,29.05
316,28.39,31,2.981145,10.39868909,86.121874,176,183,7,0.081280164,8.12801635,F2,F2_P12_16,12,4,Male,2,1.572501235,1.864502622,2.685929833,5.112173969,3,28.39
317,31.49,2,3.87931,0.515555601,69.571764,161,206,45,0.64681413,64.68141299,F2,F2_P12_17,12,4,Female,1,0,2.466199386,2.691846811,5.067500823,3,31.49
318,30.73,5,3.565689,1.402253534,70.140637,149,191,42,0.598796957,59.8796957,F2,F2_P12_18,12,4,Male,2,0,2.23164901,2.299026596,4.858703733,2,30.73
319,28.77,2,3.022,0.661813369,71.960368,180,210,30,0.416896145,41.68961448,F2,F2_P12_19,12,4,Female,1,1.94555873,2.260921981,2.562579365,5.016564426,3,28.77
320,27.11,0,2.63608,0,69.407193,154,183,29,0.41782413,41.78241296,F2,F2_P12_20,12,4,Female,1,0,2.318144959,2.58618129,4.273163091,2,27.11
321,25.29,12,2.457875,4.882266185,59.691654,179,129,50,0.837638039,83.7638039,F2,F2_P12_21,12,4,Female,1,2.062013183,2.421588697,2.138544159,4.246172729,3,25.29
322,22.79,3,2.022836,1.483066348,69.298463,158,197,39,0.562783045,56.27830447,F2,F2_P12_22,12,4,Female,1,2.369670269,2.501053665,2.506261893,5.230208016,4,22.79
323,21.46,NA,NA,NA,64.57422,151,159,8,0.12388845,12.38884496,F2,F2_P12_23,12,4,Female,1,0,2.513373379,2.657627546,4.364244534,3,21.46
324,25.77,2,1.996503,1.001751563,68.952215,150,194,44,0.638123083,63.81230828,F2,F2_P12_24,12,4,Male,2,1.794464146,1.977266412,2.60608427,4.160494024,0,25.77
325,22.09,8,3.022,2.647253475,66.765416,116,174,58,0.868713227,86.87132272,F2,F2_P12_25,12,4,Male,2,2.037814853,2.19415163,2.870760147,5.051447774,2,22.09
326,29.33,9,4.640998,1.939238069,71.363398,186,158,28,0.392357998,39.23579984,F2,F2_P12_26,12,4,Female,1,1.744991225,2.24282971,0,0,3,29.33
327,40.35,6,6.632167,0.904681683,68.646025,147,155,8,0.116539887,11.65398871,F2,F2_P12_27,12,4,Male,2,1.796576733,2.310403562,2.703962334,4.70530818,5,40.35
328,27.11,10,2.718456,3.678558711,64.383892,154,168,14,0.217445693,21.74456928,F2,F2_P12_28,12,4,Male,2,0,1.817239265,0,0,3,27.11
329,36.08,8,6.336556,1.262515474,71.907124,178,143,35,0.486738977,48.67389774,F2,F2_P12_29,12,4,Female,1,1.677218265,2.426617378,2.375121351,4.416371834,4,36.08
330,34.76,9,5.242754,1.716655025,69.634178,165,125,40,0.574430562,57.4430562,F2,F2_P12_30,12,4,Male,2,1.492466922,1.95529701,2.029471639,4.086524502,5,34.76
331,21.43,6,1.521,3.944773176,68.180334,172,160,12,0.176003831,17.60038313,F2,F2_P12_31,12,4,Male,2,0,2.169492767,1.27,3.722188453,3,21.43
332,30.16,9,4.077864,2.207037802,66.302054,173,146,27,0.407227203,40.72272029,F2,F2_P12_32,12,4,Female,1,NA,2.143716906,0,0,3,30.16
333,29.88,4,3.629,1.10223202,68.809185,154,172,18,0.261592984,26.15929836,F2,F2_P12_33,12,4,Male,2,1.477903868,2.311316539,2.619376863,4.513241922,4,29.88
334,28.24,3,3.191935,0.939868763,64.506907,141,156,15,0.232533239,23.25332386,F2,F2_P12_34,12,4,Female,1,1.885200819,2.513113518,3.411515977,5.118717002,3,28.24
335,27.55,1,3.591537,0.278432326,67.419342,130,171,41,0.608134087,60.81340871,F2,F2_P12_35,12,4,Female,1,1.846688375,2.444734003,0,0,0,27.55
336,31.98,5,4.163593,1.200885869,67.31978,137,197,60,0.89126851,89.12685098,F2,F2_P12_36,12,4,Female,1,1.981502002,2.291318111,0,0,4,31.98
337,25.77,3,3.206377,0.935635454,61.314309,138,127,11,0.179403473,17.94034733,F2,F2_P12_37,12,4,Female,1,1.768457419,2.306810814,0,0,4,25.77
338,25.78,2,2.741198,0.729608004,73.134906,177,207,30,0.410200842,41.02008417,F2,F2_P12_38,12,4,Female,1,1.520677758,2.501203073,2.271744589,4.52532065,3,25.78
339,29.63,2,3.269257,0.611759797,65.777861,136,158,22,0.334459036,33.44590363,F2,F2_P12_39,12,4,Male,2,1.690650348,2.082379612,0,1.23992739,3,29.63
340,25.97,0,1.889327,0,69.550511,196,161,35,0.503231385,50.32313853,F2,F2_P12_40,12,4,Male,2,1.79059823,1.963246912,1.97359266,4.18846983,2,25.97
341,26.54,2,2.42326,0.825334467,68.539905,124,194,70,1.021302845,102.1302845,F2,F2_P12_41,12,4,Male,2,2.020099836,2.066953704,2.100266042,4.213518599,3,26.54
342,23.97,4,1.943437,2.058209245,64.396569,127,186,59,0.91619788,91.619788,F2,F2_P12_42,12,4,Male,2,0,2.061343946,2.054494842,4.609688948,3,23.97
343,22.17,0,2.208281,0,70.561604,149,153,4,0.056688054,5.668805375,F2,F2_P12_43,12,4,Male,2,0,2.018643028,2.874960528,5.12100869,4,22.17
344,25.12,4,2.662414,1.502395946,62.509432,140,158,18,0.287956544,28.79565439,F2,F2_P12_44,12,4,Female,1,0,2.186753567,0,0,3,25.12
345,26.83,10,1.984618,5.03875305,66.261256,181,161,20,0.30183551,30.183551,F2,F2_P12_45,12,4,Male,2,0,2.187511734,2.398748966,4.091534654,4,26.83
346,25.35,3,3.008359,0.997221409,64.604845,140,127,13,0.201223298,20.12232983,F2,F2_P12_46,12,4,Female,1,1.949974075,2.16848591,2.899196433,4.338263429,4,25.35
347,26.91,6,3.279312,1.829652073,71.855718,142,192,50,0.695838848,69.58388475,F2,F2_P12_47,12,4,Male,2,0,2.263625918,2.190504586,3.68016707,4,26.91
348,22.59,0,1.489,0,66.863343,140,167,27,0.403808706,40.38087058,F2,F2_P12_48,12,4,Female,1,1.617101302,2.466313745,2.794732738,5.47005763,4,22.59
349,23.49,3,2.319871,1.293175353,67.100862,165,155,10,0.149029382,14.90293821,F2,F2_P12_49,12,4,Female,1,1.833255083,2.232998196,2.365804155,4.334387383,4,23.49
350,26.84,13,3.433025,3.786747839,66.952852,116,158,42,0.627307109,62.73071086,F2,F2_P12_50,12,4,Female,1,2.141273676,2.527708278,2.207946499,4.428688769,2,26.84
351,35.61,112,7.288453,15.36677262,81.096762,146,185,39,0.480906994,48.09069935,F2,F2_P14_1,14,4,Male,2,1.528424623,1.90883261,2.91926174,5.094099793,5,35.61
352,40.07,68,8.631787,7.877858895,73.480512,138,156,18,0.244962909,24.49629093,F2,F2_P14_2,14,4,Male,2,1.667174181,2.096193487,2.352977841,4.897691322,4,40.07
353,37.78,0,5.642433,0,78.336998,209,178,31,0.395726168,39.57261676,F2,F2_P14_3,14,4,Female,1,0,2.02418913,2.823660975,5.10341331,1,37.78
354,39.54,17,8.115036,2.09487672,77.428126,197,152,45,0.581184155,58.11841552,F2,F2_P14_4,14,4,Female,1,1.647897792,2.42284047,2.465087092,4.642945131,5,39.54
355,34.64,4,5.628013,0.710730412,68.923751,175,209,34,0.493298747,49.32987469,F2,F2_P14_5,14,4,Female,1,1.616822737,2.323219655,2.276984587,4.771755704,4,34.64
356,43.08,33,7.952453,4.149663003,78.349604,171,166,5,0.063816532,6.381653186,F2,F2_P14_6,14,4,Male,2,1.673380499,1.946116395,0,1.057921543,5,43.08
357,37.09,19,5.326158,3.567299355,70.011235,164,196,32,0.457069498,45.70694975,F2,F2_P14_7,14,4,Female,1,0.6,2.286292381,3.316500368,5.163818118,4,37.09
358,36.79,23,5.980643,3.845740333,73.897808,207,178,29,0.392433832,39.24338324,F2,F2_P14_8,14,4,Male,2,1.528274421,2.114742045,2.31295306,4.538957277,4,36.79
359,38.51,NA,NA,NA,72.122333,141,160,19,0.263441284,26.34412839,F2,F2_P14_9,14,4,Male,2,1.60564811,2.307381815,2.170411864,4.082338971,4,38.51
360,39.5,42,8.061052,5.210238068,77.583635,159,201,42,0.541351279,54.13512785,F2,F2_P14_10,14,4,Female,1,1.7428754,2.167511642,3.151586881,4.894771027,4,39.5
361,31.13,17,3.371738,5.041910137,75.128546,130,187,57,0.758699629,75.86996293,F2,F2_P14_11,14,4,Male,2,1.613035953,2.4070966,1.879859498,3.843147756,3,31.13
362,26.91,NA,NA,NA,72.108704,176,127,49,0.679529617,67.95296168,F2,F2_P14_12,14,4,Female,1,0,2.173881768,2.557562111,4.46446497,3,26.91
363,39.6,15,7.231635,2.07421973,78.194661,189,164,25,0.319714923,31.97149227,F2,F2_P14_13,14,4,Male,2,1.552201169,1.928830954,2.404579515,4.000343665,2,39.6
364,24.01,5,2.654667,1.883475404,70.49208,199,228,29,0.411393734,41.13937339,F2,F2_P14_14,14,4,Female,1,0,2.671827083,2.554021089,4.205400605,4,24.01
365,26.4,31,2.91159,10.64710347,73.522433,127,157,30,0.408038727,40.80387274,F2,F2_P14_15,14,4,Female,1,1.767913506,2.192601878,2.388589616,4.287024928,1,26.4
366,36.02,25,5.034792,4.965448424,73.619525,141,181,40,0.543334122,54.33341223,F2,F2_P14_16,14,4,Male,2,0,2.152263096,2.227508987,4.362776562,4,36.02
367,25.03,12,2.66494,4.502915638,70.339623,158,135,23,0.326984977,32.69849769,F2,F2_P14_17,14,4,Female,1,1.778185808,2.290042259,0,0,2,25.03
368,22.62,11,1.739441,6.323870715,73.125221,216,170,46,0.629057928,62.90579279,F2,F2_P14_18,14,4,Male,2,2.238976925,2.355063178,3.099683764,4.529978594,2,22.62
369,23.34,7,2.429395,2.881375816,70.911955,215,186,29,0.408957841,40.89578407,F2,F2_P14_19,14,4,Female,1,1.656934281,1.865930079,2.176576651,4.519468427,3,23.34
370,23.97,9,2.722635,3.305621209,69.577249,187,155,32,0.459920455,45.99204547,F2,F2_P14_20,14,4,Female,1,1.661050629,2.219125687,2.306336145,4.855903788,2,23.97
371,23.93,10,2.296186,4.355047892,71.089205,153,132,21,0.2954035,29.54035004,F2,F2_P14_21,14,4,Female,1,1.920483304,2.640571629,0,0,2,23.93
372,24.36,15,3.269721,4.587547378,67.209801,210,152,58,0.862969376,86.29693756,F2,F2_P14_22,14,4,Female,1,1.573163766,2.063638695,0,0,2,24.36
373,22.07,16,2.516,6.359300477,66.982545,181,190,9,0.134363363,13.43633629,F2,F2_P14_23,14,4,Male,2,1.475116628,2.020049239,2.528501515,5.609923281,2,22.07
374,22.31,10,2.214339,4.516020356,68.591542,152,184,32,0.466529824,46.65298237,F2,F2_P14_24,14,4,Male,2,2.230302235,2.446537911,0,1.43071007,4,22.31
375,22.96,16,2.56557,6.236430891,66.026057,145,175,30,0.454366069,45.43660694,F2,F2_P14_25,14,4,Female,1,2.31849018,2.670710885,3.027265134,5.546540478,4,22.96
376,38.74,29,6.617473,4.382337487,66.666407,166,184,18,0.270001052,27.00010517,F2,F2_P14_26,14,4,Male,2,1.681332077,2.317992321,0,0,3,38.74
377,36.72,3,7.156881,0.419177013,67.477585,157,179,22,0.326034193,32.60341934,F2,F2_P14_27,14,4,Female,1,2.06497978,2.492285461,2.841913998,4.350210484,3,36.72
378,37.6,9,6.066,1.483679525,66.423771,169,192,23,0.346261582,34.62615816,F2,F2_P14_28,14,4,Female,1,2.006508119,2.517233846,1.580770864,4.626150776,3,37.6
379,37.82,41,6.419941,6.386351526,65.374237,146,184,38,0.581268734,58.12687343,F2,F2_P14_29,14,4,Female,1,2.065848728,2.544341726,2.599846508,4.438466215,4,37.82
380,38.75,4,6.274245,0.637526906,66.277269,154,177,23,0.347026972,34.70269724,F2,F2_P14_30,14,4,Female,1,1.593594201,2.268072868,2.563869646,4.347474551,4,38.75
381,38.89,13,7.811451,1.664223459,65.386645,154,166,12,0.183523715,18.3523715,F2,F2_P14_31,14,4,Female,1,1.839237939,2.276073799,2.315090949,4.233376692,4,38.89
382,27.66,0,3.6694,0,67.136764,175,157,18,0.268109437,26.8109437,F2,F2_P14_32,14,4,Female,1,1.718447923,1.985711679,2.20172504,3.841478383,3,27.66
383,34.6,15,4.68902,3.198962683,66.16566,132,174,42,0.634770363,63.47703628,F2,F2_P14_33,14,4,Male,2,1.582706071,2.122913083,3.317396363,5.301450155,3,34.6
384,23.45,8,2.470467,3.238254144,61.379577,152,132,20,0.325841281,32.58412811,F2,F2_P14_34,14,4,NA,NA,1.76414986,2.07703691,2.247867265,4.49648884,2,23.45
385,24.42,12,2.596404,4.621776888,60.164505,162,117,45,0.74794931,74.794931,F2,F2_P14_35,14,4,Male,2,1.943245607,2.586243298,0,1.132227512,4,24.42
386,22.53,3,2.212286,1.356063366,58.178945,114,156,42,0.72191065,72.191065,F2,F2_P14_36,14,4,Female,1,1.453971566,2.465033629,2.576705123,4.257021693,3,22.53
387,32.06,3,3.624661,0.827663608,73.12353,187,222,35,0.478642101,47.86421006,F2,F2_P14_37,14,4,Female,1,1.805892244,2.345489387,0,0,4,32.06
388,18.85,5,1.786687,2.798475614,62.96202,156,137,19,0.301769225,30.17692253,F2,F2_P14_38,14,4,NA,NA,0.7,2.288657808,0,0,3,18.85
389,23.02,11,2.168005,5.073789036,61.494273,113,158,45,0.731775461,73.17754614,F2,F2_P14_39,14,4,Male,2,1.834019422,2.411233327,0,0,3,23.02
390,22.45,26,2.514494,10.34005251,60.423119,147,131,16,0.264799306,26.47993064,F2,F2_P14_40,14,4,Female,1,1.82916555,2.459659282,0,2.066401277,3,22.45
391,23.23,7,2.521,2.776675922,63.780639,164,178,14,0.219502348,21.95023477,F2,F2_P14_41,14,4,Female,1,1.784434642,2.194435943,2.40529012,3.778486553,3,23.23
392,20.89,4,1.776736,2.251319273,65.015805,153,181,28,0.430664513,43.0664513,F2,F2_P14_42,14,4,Female,1,1.878715574,2.369462325,2.485805284,5.350910469,3,20.89
393,21.03,9,2.018722,4.45826617,66.254875,151,179,28,0.422610412,42.26104117,F2,F2_P14_43,14,4,Female,1,1.480862039,1.96876177,3.08708189,4.760579015,3,21.03
394,21.62,1,1.905,0.524934383,57.389999,144,105,39,0.679560911,67.9560911,F2,F2_P14_44,14,4,Male,2,1.737695359,2.212689751,2.535838903,5.03293231,4,21.62
395,21.11,10,1.787114,5.595613934,57.394695,138,100,38,0.662082097,66.20820966,F2,F2_P14_45,14,4,Male,2,0,2.083679332,1.37,3.485122778,3,21.11
396,19.9,15,2.041223,7.348535657,62.910968,135,150,15,0.238432192,23.8432192,F2,F2_P14_46,14,4,Female,1,1.761378285,1.806787686,2.336165497,3.933013361,4,19.9
397,20.75,3,1.787482,1.678338579,59.207504,173,134,39,0.658700289,65.87002891,F2,F2_P14_47,14,4,Female,1,1.809542837,2.417047917,2.959872349,4.910234749,4,20.75
398,20.03,13,1.657541,7.842943251,62.031652,134,166,32,0.515865675,51.58656745,F2,F2_P14_48,14,4,Male,2,2.065253558,2.13431111,1.14,4.07153146,3,20.03
399,20.5,18,1.928681,9.332803092,60.667629,117,135,18,0.29669859,29.66985903,F2,F2_P14_49,14,4,Male,2,1.45877735,1.910460624,1.23,4.489013325,3,20.5
400,22.47,4,2.087921,1.915781296,57.24748,107,163,56,0.978208997,97.82089971,F2,F2_P14_50,14,4,Female,1,1.351200082,2.040659508,0,1.111219416,4,22.47